Course Name,Course URL,Coupon Code
Mastering Conversion Rate Optimization CRO Mastery,https://www.udemy.com/course/mastering-conversion-rate-optimization-cro-mastery/?couponCode=93646E3ECD40BC56E731,93646E3ECD40BC56E731
AI for All – Getting started with concepts of AI,https://www.udemy.com/course/ai-for-all-r/?couponCode=59F556FB02B513636561,59F556FB02B513636561
CapCut Mastery: From Beginner to Pro,https://www.udemy.com/course/capcut-mastery-from-beginner-to-pro/?couponCode=359E682E0BA791B72136,359E682E0BA791B72136
RPA Project: Gathering requirements,https://www.udemy.com/course/rpa-project-gathering-requirements/?couponCode=51EE27250FFB06227A76,51EE27250FFB06227A76
RPA Project: Process Definition Document (PDD),https://www.udemy.com/course/rpa-project-process-definition-document-pdd/?couponCode=C7C2C030BF33893033E1,C7C2C030BF33893033E1
RPA Project: Mapping the process(es),https://www.udemy.com/course/rpa-project-mapping-the-processes/?couponCode=45FDC2884DBF2FF94C2D,45FDC2884DBF2FF94C2D
ML for Business Managers: Build Regression model in R Studio,https://www.udemy.com/course/machine-learning-basics-building-a-regression-model-in-r/?couponCode=FREENOV24,FREENOV24
Artificial Intelligence in Health Care,https://www.udemy.com/course/artificial-intelligence-in-health-care/?couponCode=5B2E4404D8D9FD12DF65,5B2E4404D8D9FD12DF65
Artificial Intelligence in Pharmaceutical Industry,https://www.udemy.com/course/artificial-intelligence-in-pharmaceutical-industry/?couponCode=FE3ECCD115D1DE885B0E,FE3ECCD115D1DE885B0E
Entrepreneurship and Business Research in Biomedical,https://www.udemy.com/course/entrepreneurship-and-business-research-in-biomedical/?couponCode=FF387060163821E32D1F,FF387060163821E32D1F
GIS Software & Application Online Course,https://www.udemy.com/course/gis-software-application-online-course/?couponCode=0E6AA3A67F02EFB311B4,0E6AA3A67F02EFB311B4
Medical Robotics Course,https://www.udemy.com/course/mastering-in-medical-robotics/?couponCode=1D7550B8092D8F3D7070,1D7550B8092D8F3D7070
Solar Cell Technology,https://www.udemy.com/course/solar-cell-technology/?couponCode=F9BA4A50B06009F9A1D3,F9BA4A50B06009F9A1D3
Introduction to Financial Products & Services,https://www.udemy.com/course/introduction-to-financial-products-services-i/?couponCode=INTROFINPRSER010,INTROFINPRSER010
Vigilant Leader: Leadership & Management,https://www.udemy.com/course/vigilant-leader-leadership-management/?couponCode=7E08146CAFDD228B7AC8,7E08146CAFDD228B7AC8
Professional Certificate in Operations Management,https://www.udemy.com/course/professional-certificate-in-operations-management/?couponCode=B56340B4F4134F78645E,B56340B4F4134F78645E
Professional Certificate in Management,https://www.udemy.com/course/professional-certificate-in-management/?couponCode=F8ECDB1EBE7212B2B563,F8ECDB1EBE7212B2B563
"Diploma: Human Resources, Compensation & Benefits Management",https://www.udemy.com/course/diploma-human-resources-compensation-benefits-management/?couponCode=7A20123E25D23B637AB9,7A20123E25D23B637AB9
Professional Certificate in Financial Analysis,https://www.udemy.com/course/professional-certificate-in-financial-analysis/?couponCode=0326C7EF3B7DBEC6EF93,0326C7EF3B7DBEC6EF93
Sales Operations the Complete Masterclass: 20 Courses in 1,https://www.udemy.com/course/the-complete-sales-operations-masterclass-20-courses-in-1/?couponCode=CC98AE8C5AF93E943A5C,CC98AE8C5AF93E943A5C
Accelerate Your Learning: Master Angular 18 and ASP.NET 8.0,https://www.udemy.com/course/angular-18-and-aspnet-80-project-development-for-beginners/?couponCode=091278F74747C2C5E1C2,091278F74747C2C5E1C2
Time Management Accelerator: Turbocharge Your Productivity,https://www.udemy.com/course/introduction-to-time-management-p/?couponCode=CB7DA4DB5C8D64B0B17D,CB7DA4DB5C8D64B0B17D
Developing successful Professional Relationships,https://www.udemy.com/course/developing-successful-professional-relationships/?couponCode=DEVSUCPROFREL13,DEVSUCPROFREL13
Ultimate Guide to Canva T-Shirt Design: Mastery in T-Shirt,https://www.udemy.com/course/ultimate-guide-to-canva-t-shirt-design-mastery-in-t-shirt/?couponCode=810A45B15A011BC6671A,810A45B15A011BC6671A
Medical and Cosmetic Acupuncture Treatment & Training Course,https://www.udemy.com/course/medical-and-cosmetic-acupuncture-treatment-training-course/?couponCode=ICANVA,ICANVA
Professional Certificate in SMM Social Media Marketing,https://www.udemy.com/course/professional-certificate-in-smm-social-media-marketing/?couponCode=A06D80C9F1FD79587169,A06D80C9F1FD79587169
Advanced Project Management: Strategies for Success,https://www.udemy.com/course/project-management-course-o/?couponCode=0851823A5F191BD3E185,0851823A5F191BD3E185
Professional Certificate in Marketing & Marketing Management,https://www.udemy.com/course/professional-certificate-in-marketing-and-marketing-management/?couponCode=78C79E4F21288FA1ADDB,78C79E4F21288FA1ADDB
Professional Certificate: Product Management and Development,https://www.udemy.com/course/professional-certificate-product-management-and-development/?couponCode=229DE305BFA5FEC40657,229DE305BFA5FEC40657
Professional Diploma in Administration Management,https://www.udemy.com/course/professional-diploma-in-administration-management/?couponCode=16BB71A651F91987054A,16BB71A651F91987054A
Advanced Program in Product Development and Management,https://www.udemy.com/course/mini-mba-in-product-development-and-management/?couponCode=80CE26D4B8C623233D5F,80CE26D4B8C623233D5F
Professional Certificate of Agile and Scrum Business Analyst,https://www.udemy.com/course/professional-certificate-of-agile-and-scrum-business-analyst/?couponCode=9BF3D21F0B25F6A440EE,9BF3D21F0B25F6A440EE
Business Analytics Online Class,https://www.udemy.com/course/business-analytics-online-class/?couponCode=B158A784B6A1A218CECD,B158A784B6A1A218CECD
Forensic Science Course,https://www.udemy.com/course/forensic-science-o/?couponCode=3EE3F0CEFB7CECEB04E5,3EE3F0CEFB7CECEB04E5
Mastering TOEFL iBT: The Ultimate Preparation Course,https://www.udemy.com/course/mastering-toefl-ibt-the-ultimate-preparation-course/?couponCode=2AFAE2E2978EC35EDCF5,2AFAE2E2978EC35EDCF5
Professional Certificate in Marketing and Advertising,https://www.udemy.com/course/professional-certificate-in-marketing-and-advertising/?couponCode=FE6DD31F963B21230FF1,FE6DD31F963B21230FF1
2024 Rust Programming for Beginners,https://www.udemy.com/course/rust-programming4u/?couponCode=C1E44E2FD88AFD7C1640,C1E44E2FD88AFD7C1640
Chief Executive Officer (CEO) Program,https://www.udemy.com/course/ceo-chief-executive-officer-program/?couponCode=754D7696C6E37E71FF76,754D7696C6E37E71FF76
Mergers & Acquisitions Professional Certificate,https://www.udemy.com/course/mergers-acquisitions-professional-certificate/?couponCode=FDC0AEA45A686793374C,FDC0AEA45A686793374C
Executive Diploma in Strategic Management,https://www.udemy.com/course/executive-diploma-in-strategic-management/?couponCode=17F5ADB6DEB828821110,17F5ADB6DEB828821110
LinkedIn Ads MasterClass – All Campaigns & Features,https://www.udemy.com/course/linkedin-ads-masterclass-2023-all-campaigns-features/?couponCode=F3CDB837065F5134FDE6,F3CDB837065F5134FDE6
Professional Certificate in Procurement and Purchasing,https://www.udemy.com/course/professional-certificate-in-procurement-and-purchasing/?couponCode=4890A63315354F851D6A,4890A63315354F851D6A
Professional Certificate: Digital Business & Unit Economics,https://www.udemy.com/course/professional-certificate-digital-business-unit-economics/?couponCode=CD179D32EB3AF6CEEC8E,CD179D32EB3AF6CEEC8E
Professional Certificate in Office Administration Management,https://www.udemy.com/course/professional-certificate-in-office-administration-management/?couponCode=8D526575A23850F2D784,8D526575A23850F2D784
Executive Diploma in Engineering Management,https://www.udemy.com/course/executive-diploma-in-engineering-management/?couponCode=35A5BFEA4F73CCD2B790,35A5BFEA4F73CCD2B790
Become HTML Hero,https://www.udemy.com/course/become-html-hero/?couponCode=203EA278833866E9F875,203EA278833866E9F875
Mastering iOS Development,https://www.udemy.com/course/mastering-ios-development/?couponCode=B426D11411D0C150151E,B426D11411D0C150151E
Adobe Animate: A Comprehensive Guide for Beginners to Pro,https://www.udemy.com/course/adobe-animate-a-comprehensive-guide-for-beginners-to-pro/?couponCode=980A8859C0B275FDA495,980A8859C0B275FDA495
Internet of Things (IoT) Online Course,https://www.udemy.com/course/internet-of-things-iot-online-course/?couponCode=379832F85F4DF3F71A72,379832F85F4DF3F71A72
Big Data Hadoop Course,https://www.udemy.com/course/big-data-hadoop-online-course/?couponCode=E84BEF5FC9471B339111,E84BEF5FC9471B339111
Machine Learning Online Course,https://www.udemy.com/course/machine-learning-online-course/?couponCode=E2F394BA4277FC203829,E2F394BA4277FC203829
Data Science Career Path,https://www.udemy.com/course/data-science-learning/?couponCode=835F8546993818EEB7C0,835F8546993818EEB7C0
Capcut Video Editing for Social Media Reels Shorts Videos,https://www.udemy.com/course/capcut-video-editing-for-social-media-reels-shorts-videos/?couponCode=E5C092FD89B7B4AD3870,E5C092FD89B7B4AD3870
QuickBooks Desktop Pro-Personal Tax Tracking Tricks,https://www.udemy.com/course/quickbooks-desktop-pro-2019-personal-tax-tracking-tricks/?couponCode=B2AE2FAFB7B262D7D75B,B2AE2FAFB7B262D7D75B
"WordPress (No Coding), Domain not Needed, within 3.5 hours",https://www.udemy.com/course/wordpress-no-coding-domain-not-needed-within-three-and-a-half-hours/?couponCode=9NOV24,9NOV24
QuickBooks Desktop Pro -Personal Bookkeeping-Accounting,https://www.udemy.com/course/quickbooks-desktop-pro-2019-personal-bookkeeping-accounting/?couponCode=38D08B48F29947C24E1E,38D08B48F29947C24E1E
The Best ChatGPT & AI Course: Make Money With AI,https://www.udemy.com/course/the-best-chatgpt-ai-course-make-money-with-ai/?couponCode=9NOV24,9NOV24
Numpy For Data Science – Real Time Exercises,https://www.udemy.com/course/python-numpy-exercises/?couponCode=NUMPY_FREE_NOV8,NUMPY
Master Budgets – Managerial Accounting/Cost Accounting,https://www.udemy.com/course/master-budgets-managerial-accountingcost-accounting/?couponCode=07201697F6ED3F254C8B,07201697F6ED3F254C8B
Relevant Costs – Managerial Accounting Decisions & Scenarios,https://www.udemy.com/course/relevant-costs-managerial-accounting-decisions-scenarios/?couponCode=D3B1C95B83EFF9EA7DEF,D3B1C95B83EFF9EA7DEF
Process Costing System-Cost Accounting-Managerial Accounting,https://www.udemy.com/course/process-costing-system-cost-accounting-managerial-accounting/?couponCode=CD49FB4C49356B9A8E25,CD49FB4C49356B9A8E25
Learn T-Shirt Design with Photoshop Illustrator and  Canva,https://www.udemy.com/course/learn-t-shirt-design-with-photoshop-illustrator-and-canva/?couponCode=6487F1683C3D05B18182,6487F1683C3D05B18182
Mastering Microsoft Excel A Comprehensive Guide to Boost You,https://www.udemy.com/course/mastering-microsoft-excel-a-comprehensive-guide-to-boost-you/?couponCode=E78B9662E2948FC2D29F,E78B9662E2948FC2D29F
"Decision Trees, Random Forests, AdaBoost & XGBoost in Python",https://www.udemy.com/course/machine-learning-advanced-decision-trees-in-python/?couponCode=FREENOV24,FREENOV24
Logistic Regression in R Studio,https://www.udemy.com/course/machine-learning-basics-classification-models-in-r/?couponCode=FREENOV24,FREENOV24
The Complete Start-up & Business Planning Boot Camp,https://www.udemy.com/course/the-complete-start-up-business-planning-boot-camp/?couponCode=8FEF2A2FEACA7E838D3C,8FEF2A2FEACA7E838D3C
Learn Google Sheets and Microsoft Excel at Once from Basic,https://www.udemy.com/course/learn-google-sheets-and-microsoft-excel-at-once-from-basic/?couponCode=C4191A26088F107D67EC,C4191A26088F107D67EC
Linux  Bash Scripting,https://www.udemy.com/course/linux-bash-scripting/?couponCode=URHANDS,URHANDS
Learn Web Automation Testing with Playwright and JavaScript,https://www.udemy.com/course/getting-started-with-playwright/?couponCode=7E8E6D2559B93F6211C9,7E8E6D2559B93F6211C9
"HTML 5,Python,Flask Framework All In One Complete Course",https://www.udemy.com/course/html-5pythonflask-framework-all-in-one-complete-course/?couponCode=FA9D7F3C21859718C664,FA9D7F3C21859718C664
Beginner Guide to Learn T-Shirt Design With Photoshop,https://www.udemy.com/course/beginner-guide-to-learn-t-shirt-design-with-photoshop/?couponCode=B6431671978A61263737,B6431671978A61263737
The Complete Attraction Course: Attract People Easily,https://www.udemy.com/course/the-complete-attraction-masterclass/?couponCode=29A587779C06C2C393E2,29A587779C06C2C393E2
jQuery for Absolute Beginners : From Beginning to Advanced,https://www.udemy.com/course/learn-jquery-from-beginning-to-advanced/?couponCode=JQUERYNOV2024,JQUERYNOV2024
Web Design for Beginners: Build Websites in HTML & CSS,https://www.udemy.com/course/web-design-for-beginners-build-websites-in-html-css-2021/?couponCode=HTMLCSSCOURSE90,HTMLCSSCOURSE90
T-Shirt Design in Adobe Illustrator Beginner Guide to Expert,https://www.udemy.com/course/t-shirt-design-in-adobe-illustrator-beginner-guide-to-expert/?couponCode=C13EBDA056F96BDBE9BC,C13EBDA056F96BDBE9BC
Android Malware Analysis,https://www.udemy.com/course/android-malware-analysis-course/?couponCode=SCIENCEDAY,SCIENCEDAY
Essential Microsoft Excel VBA: Learn VBA for become Expert,https://www.udemy.com/course/essential-microsoft-excel-vba-learn-vba-for-become-expert/?couponCode=0AC2BE04A625F21B59E2,0AC2BE04A625F21B59E2
Time Attendance Systems: The Complete Guide,https://www.udemy.com/course/time-attendance-systems-the-complete-guide/?couponCode=CD97CA310767A704258E,CD97CA310767A704258E
Canva for Beginners: Create Stunning Visuals Design,https://www.udemy.com/course/canva-for-beginners-create-stunning-visuals-design/?couponCode=81D67EF7491FD8DEA81C,81D67EF7491FD8DEA81C
Mastering Microsoft Word: A Comprehensive Guide to Boost You,https://www.udemy.com/course/mastering-microsoft-word-a-comprehensive-guide-to-boost-you/?couponCode=3235416D1EFFF56A7951,3235416D1EFFF56A7951
Advanced Excel Course With Shortcuts Tips and Tricks for JOB,https://www.udemy.com/course/advanced-excel-course-with-shortcuts-tips-and-tricks-for-job/?couponCode=E9E6438E7EE5D25D1BDC,E9E6438E7EE5D25D1BDC
Excel VBA for Beginner to Advanced,https://www.udemy.com/course/excel-vba-for-beginner-to-advanced/?couponCode=DB385570EE60AC671000,DB385570EE60AC671000
Webflow for Beginners: Create Your First Website,https://www.udemy.com/course/webflow-for-beginners-create-your-first-website/?couponCode=1DDCEE88B66A4DF9615F,1DDCEE88B66A4DF9615F
Time Value of Money & Capital Budgeting – Present Value,https://www.udemy.com/course/time-value-of-money-capital-budgeting-present-value/?couponCode=E8CE89AEDE0013A2022C,E8CE89AEDE0013A2022C
Cost Volume Profit Analysis (CVP) – Managerial Accounting,https://www.udemy.com/course/cost-volume-profit-analysis-cvp-managerial-accounting/?couponCode=E7901EA55C7D54D457CD,E7901EA55C7D54D457CD
How to Develop REST Web API using ASP.NET MVC,https://www.udemy.com/course/how-to-develop-rest-web-api-using-aspnet-mvc/?couponCode=4F0D8C3F656B33468805,4F0D8C3F656B33468805
Python And Flask  Demonstrations Practice Course,https://www.udemy.com/course/python-and-flask-only-demonstration-course/?couponCode=3775C6A43BE1841E3CF2,3775C6A43BE1841E3CF2
The Complete Google Slides Masterclass – Master Google Slide,https://www.udemy.com/course/the-complete-google-slides-masterclass/?couponCode=4AC8C8379902B694083D,4AC8C8379902B694083D
"CSS, JavaScript And PHP Complete Course For Beginners",https://www.udemy.com/course/css-javascript-and-php-complete-course-for-beginners/?couponCode=457864E75EDCB03CC243,457864E75EDCB03CC243
Ethical Hacking: Hacker Methodology,https://www.udemy.com/course/ethical-hacking-hacker-methodology/?couponCode=SCIENCEDAY,SCIENCEDAY
Diploma in Digital Transformation and Operational Excellence,https://www.udemy.com/course/diploma-in-digital-transformation-and-operational-excellence/?couponCode=8F4CDA0FB540762E389F,8F4CDA0FB540762E389F
Microsoft Excel – Advance Level MS Excel Training Course,https://www.udemy.com/course/microsoft-excel-advance-level-ms-excel-training-course/?couponCode=ADVEXCELNOV24,ADVEXCELNOV24
AWS Certified Developer – Associate,https://www.udemy.com/course/aws-certified-develop-associate/?couponCode=NOVEMBER2,NOVEMBER2
Diversity Equity Inclusion Building Inclusive Workplaces,https://www.udemy.com/course/diversity-equity-inclusion-building-inclusive-workplaces/?couponCode=5C3EC7E0AF5A4C896E4D,5C3EC7E0AF5A4C896E4D
Online Reputation Management Guide: Outrank Negative Links,https://www.udemy.com/course/online-reputation-management-guide-outrank-negative-links-tareq-hajj/?couponCode=B652A4109AB58CFD0D4D,B652A4109AB58CFD0D4D
Art with AI Bootcamp: From Pixel Dummy to Legend Artist,https://www.udemy.com/course/ai-art-bootcamp-from-pixel-dummy-to-legend-artist/?couponCode=LEAVESLAUGH9,LEAVESLAUGH9
Guard (Security) Tour Patrol Systems: The Complete Guide,https://www.udemy.com/course/guard-security-tour-patrol-systems-the-complete-guide/?couponCode=A9B02A86836BCDE0F507,A9B02A86836BCDE0F507
Day Trading Guide: How To Make Money Day Trading,https://www.udemy.com/course/day-trading-guide-how-to-make-money-day-trading-tareq-hajj/?couponCode=8B9227DFEEB3575B84E5,8B9227DFEEB3575B84E5
"iOS, Android and Web Application Training – My Instagram App",https://www.udemy.com/course/ios-android-and-web-application-training-my-instagram-app/?couponCode=40C9414F49304BB28470,40C9414F49304BB28470
Swift 4.0 Programming & Certification,https://www.udemy.com/course/swift-4-programming-certification-ios-mobile-app-development/?couponCode=1EEB78286CF8339E6254,1EEB78286CF8339E6254
"Android P – Programming, Development and Certification",https://www.udemy.com/course/android-p-programming-development-and-certification/?couponCode=240657560824FDBB4F13,240657560824FDBB4F13
Start a Side Hustle Using AI and Basic Writing Skills,https://www.udemy.com/course/how-freelancers-use-ai-and-basic-writing-to-make-a-profit/?couponCode=1553F824F0E3FFDF52C0,1553F824F0E3FFDF52C0
Professional Scrum Master I (PSM I) Certification Prep,https://www.udemy.com/course/professional-scrum-master-i-psm-i-aec/?couponCode=DIWALI_WITH_VABS,DIWALI
Microsoft Office Complete Course | All in one MS Office,https://www.udemy.com/course/microsoft-office-complete-course-all-in-one-ms-office/?couponCode=OFFICENOV24,OFFICENOV24
Advanced PowerPoint Masterclass for Professionals,https://www.udemy.com/course/advanced-powerpoint-masterclass-for-professionals/?couponCode=D80043E8AFD5C43A54C0,D80043E8AFD5C43A54C0
Agile Trainer Certification,https://www.udemy.com/course/agile-trainer-certification/?couponCode=DIWALI_WITH_VABS,DIWALI
QuickBooks Online – Progress Invoicing & Revenue Recognition,https://www.udemy.com/course/quickbooks-online-progress-invoicing-revenue-recognition/?couponCode=6404C0FBF0DC5C362D69,6404C0FBF0DC5C362D69
Empathy and Emotional Intelligence for Project Managers,https://www.udemy.com/course/empathy-and-emotional-intelligence-for-project-managers/?couponCode=EMEIPM09,EMEIPM09
Complete Machine Learning with R Studio – ML for 2024,https://www.udemy.com/course/machine-learning-with-r-studio/?couponCode=FREENOV24,FREENOV24
Java & Python Programming Mastery: Learn to Code Like a Pro,https://www.udemy.com/course/java-python-programming-mastery-learn-to-code-like-a-pro/?couponCode=897C3521CBF7CF2E017C,897C3521CBF7CF2E017C
Certified Lean Management Professional : Comprehensive Guide,https://www.udemy.com/course/certified-lean-management-professional-course/?couponCode=955AA9E91AF6E48EDEF4,955AA9E91AF6E48EDEF4
Python Mastery: The Complete Web Programming Course,https://www.udemy.com/course/python-mastery-the-complete-web-programming-course/?couponCode=8C71196F900000914F5B,8C71196F900000914F5B
Understanding Foundational Literacy and Numeracy (FLN),https://www.udemy.com/course/understanding-foundational-literacy-and-numeracy-fln/?couponCode=1B4A82C6175DDAE04409,1B4A82C6175DDAE04409
Interview Success: Business English for Job interviews,https://www.udemy.com/course/nail-your-job-interview-build-confidence-and-master-english/?couponCode=D7C10EDD95D1FCF0A4FC,D7C10EDD95D1FCF0A4FC
Sales management and processes: practical sales masterclass,https://www.udemy.com/course/sales-management-and-processes-practical-sales-masterclass/?couponCode=57E7C62BCF85617F3669,57E7C62BCF85617F3669
Implementation of Occupational Health and Safety in Industry,https://www.udemy.com/course/implementation-of-occupational-health-and-safety-in-industry/?couponCode=90DCDBB0BB5D21CCBE6A,90DCDBB0BB5D21CCBE6A
Python Machine Learning: From Beginner to Pro,https://www.udemy.com/course/python-machine-learning-from-beginner-to-pro/?couponCode=78393F81AE88A3F6FE37,78393F81AE88A3F6FE37
Mastering Loops: Modern JavaScript Techniques,https://www.udemy.com/course/mastering-loops-modern-javascript-techniques/?couponCode=C47B71300AA0F8976EA1,C47B71300AA0F8976EA1
Certified Kubernetes Administrator Ultimate Masterclass,https://www.udemy.com/course/certified-kubernetes-administrator-ultimate-masterclass/?couponCode=NOVEMBER2,NOVEMBER2
Certified Kubernetes Application Developer Masterclass,https://www.udemy.com/course/certified-kubernetes-application-developer-masterclass/?couponCode=NOVEMBER2,NOVEMBER2
Certified Kubernetes Security Specialist Masterclass,https://www.udemy.com/course/certified-kubernetes-security-specialist-masterclass/?couponCode=NOVEMBER2,NOVEMBER2
New GRE Verbal | Master English Course | 2024 Updated,https://www.udemy.com/course/new-gre-verbal-master-english-course-2024-updated/?couponCode=C5271B9815C544090323,C5271B9815C544090323
American English Vowels & Placement for All,https://www.udemy.com/course/american-english-vowels-placement-for-all/?couponCode=FREENOV2,FREENOV2
"Payroll Accounting: Laws, Calculations, and Journal Entries",https://www.udemy.com/course/financial-accounting-payroll/?couponCode=BF6914146EB1D3FF3843,BF6914146EB1D3FF3843
Master Microservices : From Learner to Lead Architect,https://www.udemy.com/course/learn-microservices-with-net-core-j/?couponCode=A367A48F66C15B2E0FC3,A367A48F66C15B2E0FC3
Airtable for Project Management: From Setup to Success,https://www.udemy.com/course/airtable-for-project-management-from-setup-to-success/?couponCode=NOV9KNITPICK,NOV9KNITPICK
Scrum Master Certification,https://www.udemy.com/course/scrum-master-certification-aecl/?couponCode=DIWALI_WITH_VABS,DIWALI
Customer Success with ChatGPT(AI): Innovate Client Relations,https://www.udemy.com/course/customer-success-with-chatgpt-learnit/?couponCode=3D6148507A41098E40EF,3D6148507A41098E40EF
Mastering OpenCV: A Practical Guide to Computer Vision,https://www.udemy.com/course/mastering-opencv-a-practical-guide-to-computer-vision/?couponCode=TURKEYPREP9,TURKEYPREP9
Executive Certificate in Business Management,https://www.udemy.com/course/executive-certificate-in-business-management/?couponCode=8E1A8CBE4418C19D20D9,8E1A8CBE4418C19D20D9
Metasploit from Scratch: Beginner to Professional,https://www.udemy.com/course/metasploit-from-scratch-beginner-to-professional/?couponCode=METASPLOIT,METASPLOIT
Mastering Rust: Building Safe and Efficient Software,https://www.udemy.com/course/mastering-rust-programming-building-safe-and-efficient-software/?couponCode=9LIVESDISCOUNT,9LIVESDISCOUNT
Business Process Management: Certification,https://www.udemy.com/course/business-process-management-p/?couponCode=B8617F79ADE32CFB1DF8,B8617F79ADE32CFB1DF8
The Complete Guide to Effective Communication Skills,https://www.udemy.com/course/mini-course-on-effective-communications-skills/?couponCode=4ED432BA6FECB1A621F9,4ED432BA6FECB1A621F9
Product Owner Certification,https://www.udemy.com/course/a-csm-advanced-certified-scrum-master/?couponCode=DIWALI_WITH_VABS,DIWALI
GMAT Verbal | Critical Reasoning | Reading Comp | Verbal DI,https://www.udemy.com/course/gmat-verbal-critical-reasoning-reading-comprehension/?couponCode=A8DDA25C47DA21E1450A,A8DDA25C47DA21E1450A
Professional Certificate in Regulatory Compliance,https://www.udemy.com/course/professional-certificate-in-regulatory-compliance-in-finance/?couponCode=2D3B3D8759A1E8CA8877,2D3B3D8759A1E8CA8877
IELTS Pro: Reading | Writing | Listening | Speaking,https://www.udemy.com/course/ielts-pro-reading-writing-listening-speaking/?couponCode=BF41FAD664355000082F,BF41FAD664355000082F
Master Business Growth with Generative AI,https://www.udemy.com/course/master-business-growth-with-generative-ai/?couponCode=9THGIGGLES,9THGIGGLES
Xero Not for Profit Organization,https://www.udemy.com/course/xero-not-for-profit-organization/?couponCode=3EC31EFD3E41A60DDDE4,3EC31EFD3E41A60DDDE4
Professional Certificate of IBM SPSS Statistics Expert,https://www.udemy.com/course/professional-certificate-of-ibm-spss-statistics-expert/?couponCode=56A66A0C21D011A1DA34,56A66A0C21D011A1DA34
Introduction to Business and Data Analysis,https://www.udemy.com/course/introduction-to-business-and-data-analysis/?couponCode=FA7287E06CD3B31F3F1F,FA7287E06CD3B31F3F1F
"Mastering Generative AI: ChatGPT, Gemini,DALL-E & More",https://www.udemy.com/course/aidomination/?couponCode=E66BC8C73995C71051DF,E66BC8C73995C71051DF
Decision Making for Leaders and Managers,https://www.udemy.com/course/decision-making-for-leaders-and-managers/?couponCode=1EBA24C4C8CEFB1B2B81,1EBA24C4C8CEFB1B2B81
QuickBooks Online: Streamline US Tax Deductions,https://www.udemy.com/course/quickbooks-online-streamline-us-tax-deductions/?couponCode=25B9626C8702E43B3540,25B9626C8702E43B3540
Aplos Not for Profit Accounting Software,https://www.udemy.com/course/aplos-not-for-profit-accounting-software/?couponCode=FCB502727C4E24A082EC,FCB502727C4E24A082EC
Executive Certificate in Business Leadership,https://www.udemy.com/course/executive-certificate-in-business-leadership/?couponCode=A5BDC286ABDB065E7576,A5BDC286ABDB065E7576
Professional Certificate in Customer Experience Management,https://www.udemy.com/course/professional-certificate-in-customer-experience-management/?couponCode=5CC70F4488BA929DE0BE,5CC70F4488BA929DE0BE
Executive Certificate in Sales Management,https://www.udemy.com/course/executive-certificate-in-sales-management/?couponCode=D0263D812B173A075CC6,D0263D812B173A075CC6
Professional Diploma in Pricing Analysis and Management,https://www.udemy.com/course/professional-diploma-in-pricing-analysis-and-management/?couponCode=2FAE673B50DB80025018,2FAE673B50DB80025018
Professional Certificate in Agile and SCRUM,https://www.udemy.com/course/professional-certificate-in-agile-and-scrum/?couponCode=6F5DDDB1AE760767CE39,6F5DDDB1AE760767CE39
6 Weeks Bootcamp for Civil & Construction Engineer from Zero,https://www.udemy.com/course/interview-preparation-for-civil-engineers-in-construction/?couponCode=8339F0D8ABC762C33C27,8339F0D8ABC762C33C27
Adobe Illustrator CC – Beginners to Advanced Training Course,https://www.udemy.com/course/adobe-illustrator-cc-beginners-to-advanced-training-course/?couponCode=250A9F84864268AA6256,250A9F84864268AA6256
"SAT Digital English Prep Course | Reading, Writing, Language",https://www.udemy.com/course/sat-digital-english-prep-course-reading-writing-language/?couponCode=8CD4FA19FA7001EB6DC6,8CD4FA19FA7001EB6DC6
Executive Diploma in Human Resources Strategy,https://www.udemy.com/course/executive-diploma-in-human-resources-strategy/?couponCode=ECBB617C02D28EE98454,ECBB617C02D28EE98454
Basic Quality Management Fundamentals: Essential Principles.,https://www.udemy.com/course/basic-quality-management-fundamentals/?couponCode=E5BF66EA85B561BC78FF,E5BF66EA85B561BC78FF
ICAGILE – Agile Fundamentals Certification,https://www.udemy.com/course/agile-fundamentals-certification/?couponCode=DIWALI_WITH_VABS,DIWALI
"ChatGPT and Generative AI in Business, Management, Marketing",https://www.udemy.com/course/chatgpt-and-generative-ai-in-business-management-marketing/?couponCode=4B519AF37F5DB3F0A19F,4B519AF37F5DB3F0A19F
Django 5 – Build a Complete Website from Scratch to Deploy,https://www.udemy.com/course/django-5-build-a-complete-website-from-scratch-to-deploy/?couponCode=8BBE95104191F6511299,8BBE95104191F6511299
Visualization techniques for Decision Makers and Leaders,https://www.udemy.com/course/visualization-techniques-for-decision-makers-and-leaders/?couponCode=VISUALTECH21,VISUALTECH21
Research Methodologies in Strategy and Product Development,https://www.udemy.com/course/research-methodologies-in-strategy-and-product-development/?couponCode=00E76B496EFA6B8A4D1A,00E76B496EFA6B8A4D1A
SAFe (Scaled Agile Framework) Overview,https://www.udemy.com/course/safe-scaled-agile-framework/?couponCode=DIWALI_WITH_VABS,DIWALI
Professional Certificate of Executive Business Assistant,https://www.udemy.com/course/professional-certificate-of-executive-business-assistant/?couponCode=46D008372A496793AD31,46D008372A496793AD31
Professional Certificate of Secretary,https://www.udemy.com/course/professional-certificate-of-secretary/?couponCode=EDA771DA824449530E4A,EDA771DA824449530E4A
Professional Diploma in Technical Project Management,https://www.udemy.com/course/professional-diploma-in-technical-project-management/?couponCode=E59236F0B7649220B81C,E59236F0B7649220B81C
Professional Diploma of Product Owner,https://www.udemy.com/course/professional-diploma-of-product-owner/?couponCode=CF35DA4964B1A3731CEB,CF35DA4964B1A3731CEB
Professional Diploma in Business Project Management,https://www.udemy.com/course/professional-diploma-in-business-project-management/?couponCode=ADECEFCBB0E9CDA558E0,ADECEFCBB0E9CDA558E0
Identify and Prevent Phishing Attacks: Before They Harm You,https://www.udemy.com/course/cyber-safety/?couponCode=E7640C134979637F70B4,E7640C134979637F70B4
Professional Diploma: Government & Public Sector Technology,https://www.udemy.com/course/professional-diploma-government-public-sector-technology/?couponCode=1F4AAAA2BBC131BAD8C2,1F4AAAA2BBC131BAD8C2
AWS Certified Cloud Practitioner,https://www.udemy.com/course/awscertified/?couponCode=NOVEMBER2,NOVEMBER2
Quality Management Foundations: Key Concepts and Techniques,https://www.udemy.com/course/quality-management-foundations/?couponCode=80319B6CB369CF0A75B2,80319B6CB369CF0A75B2
JavaScript OOP: Mastering Modern Object-Oriented Programming,https://www.udemy.com/course/javascript-oop-mastering-modern-object-oriented-programming/?couponCode=924047CB9B01110C5501,924047CB9B01110C5501
Professional Diploma of Finance Business Partner,https://www.udemy.com/course/professional-diploma-of-finance-business-partner/?couponCode=93927AD2771BFF7C9553,93927AD2771BFF7C9553
AI in Science Mastery: ChatGPT’s Transformative Role,https://www.udemy.com/course/ai-in-science-mastery-chatgpts-transformative-role/?couponCode=NOVEMBERKNOCK9,NOVEMBERKNOCK9
"Optimize Front-End Web Apps : AI, Performance and SEO",https://www.udemy.com/course/optimize-front-end-web-apps-ai-performance-and-seo/?couponCode=FALLINTOSAVINGS9,FALLINTOSAVINGS9
Prioritization Techniques for Decision Makers and Leaders,https://www.udemy.com/course/prioritization-techniques-for-decision-makers-and-leaders/?couponCode=PRIORITYTECH23,PRIORITYTECH23
The Iron Duck Options Spread,https://www.udemy.com/course/the-iron-duck-options-spread/?couponCode=DUCKS31,DUCKS31
Mastering Selenium: Web Automation Essentials,https://www.udemy.com/course/mastering-selenium-web-automation-essentials/?couponCode=NINETHNOG,NINETHNOG
AI for Business: Transforming Strategy & Operations,https://www.udemy.com/course/ai-for-business-transforming-strategy-operations/?couponCode=NOV9SPICE,NOV9SPICE
Angular for Beginners: From Basics to Advanced Projects,https://www.udemy.com/course/angular-for-beginners-from-basics-to-advanced-projects/?couponCode=9THTIMECHARM,9THTIMECHARM
Adobe Photoshop CC MasterClass: From Beginner to Advanced,https://www.udemy.com/course/adobe-photoshop-cc-masterclass-from-beginner-to-advanced/?couponCode=91DCA66EA40B86A098D6,91DCA66EA40B86A098D6
Mastering Ansible Automation for Network Engineers,https://www.udemy.com/course/ansible-course-for-network-engineers/?couponCode=SUPPORTSUCCESS,SUPPORTSUCCESS
Mastering Bing Chat & AI: Unlock Your Digital Potential,https://www.udemy.com/course/mastering-bing-chat-ai-unlock-your-digital-potential/?couponCode=FALLFROLIC9,FALLFROLIC9
Mastering Gemini AI: Google’s Versatile Language Model,https://www.udemy.com/course/mastering-bard-ai-googles-versatile-language-model/?couponCode=NINERDEALS,NINERDEALS
Mastering DALL·E Artistry: AI’s Creative Revolution,https://www.udemy.com/course/mastering-dalle-artistry-ai-creative-revolution/?couponCode=AUTUMNLEAVES9,AUTUMNLEAVES9
"QBO-Class Tracking, Projects, Location Tracking, Tags, & Job",https://www.udemy.com/course/qbo-class-tracking-projects-location-tracking-tags-job/?couponCode=B8A06C67729FB672D196,B8A06C67729FB672D196
Residential Rental Property Tax Preparation,https://www.udemy.com/course/residential-rental-property-tax-preparation-2021-2022/?couponCode=ABB013A9F09D0F9105C6,ABB013A9F09D0F9105C6
Mastering the Seven Essential Quality Improvement Tools,https://www.udemy.com/course/the-seven-basic-quality-tools-masterclass/?couponCode=80C67B701C3322044200,80C67B701C3322044200
Mastering C & C++ Programming: From Fundamentals to Advanced,https://www.udemy.com/course/mastering-c-c-plus-programming-from-fundamentals-to-advanced/?couponCode=E7550AF189EABE09E66F,E7550AF189EABE09E66F
Web Development Bootcamp with HTML CSS PHP MySQL WordPress,https://www.udemy.com/course/web-development-bootcamp-with-html-css-php-mysql-wordpress/?couponCode=74BC76F1412A6261D08B,74BC76F1412A6261D08B
Security Intrusion Alarm systems: The complete Guide,https://www.udemy.com/course/security-intrusion-alarm-systems-the-complete-guide/?couponCode=3F3BF724795F98CEC8E1,3F3BF724795F98CEC8E1
Bash Scripting for Linux Security,https://www.udemy.com/course/bash-scripting-for-linux-security/?couponCode=URHANDS,URHANDS
The Complete Video Editing Bootcamp from Beginning to Expert,https://www.udemy.com/course/the-complete-video-editing-bootcamp-from-beginning-to-expert/?couponCode=2C7EF977AE1C0FF2B599,2C7EF977AE1C0FF2B599
Securing Your Ubuntu Environment: Best Practices,https://www.udemy.com/course/securing-ubuntu-linux/?couponCode=URHANDS,URHANDS
Ultimate Linux File Protection,https://www.udemy.com/course/ultimate-linux-file-protection/?couponCode=URHANDS,URHANDS
American English Consonants for All,https://www.udemy.com/course/american-english-consonants-for-all/?couponCode=FREENOV2,FREENOV2
American English Vowels for Chinese Professionals,https://www.udemy.com/course/vowels-for-advanced-chinese-learners-of-american-english/?couponCode=NOVFREE2,NOVFREE2
ChatGPT & React: Introduction to the AI Chatbot Revolution,https://www.udemy.com/course/chatgpt-react-introduction-to-the-ai-chatbot-revolution/?couponCode=9THSPARK,9THSPARK
PHP Essentials: Deep dive into the Principles of PHP,https://www.udemy.com/course/php-essentials-deep-dive-into-the-principles-of-php/?couponCode=BREEZYBARGAIN9,BREEZYBARGAIN9
Network Defense Fundamentals: Training for IT Beginners,https://www.udemy.com/course/network-defense-fundamentals-training-for-it-beginners/?couponCode=NINENAVY,NINENAVY
AI-Powered Graphic Design: Mastering Figma & Emerging Tech,https://www.udemy.com/course/ai-powered-graphic-design-mastering-figma-emerging-tech/?couponCode=NINECLOUDNINE,NINECLOUDNINE
"Build 20 JavaScript Projects in 20 Day with HTML, CSS  & JS",https://www.udemy.com/course/20-web-projects-with-html-css-and-javascript-master-js/?couponCode=DF5A65CDF84D61A425C5,DF5A65CDF84D61A425C5
C++ for Beginners: Mastering C++ Programming Essentials,https://www.udemy.com/course/mastering-c-plus-plus-programming-essentials/?couponCode=FALLFUNNY9,FALLFUNNY9
ChatGPT for Business Analysts,https://www.udemy.com/course/build-product-management-deliverable-portfolio-using-chatgpt/?couponCode=DIWALI_WITH_VABS,DIWALI
ChatGPT for Product Management,https://www.udemy.com/course/chatgpt-for-product-management/?couponCode=DIWALI_WITH_VABS,DIWALI
The Ultimate Microsoft Excel: Essential Comprehensive Guide,https://www.udemy.com/course/the-ultimate-microsoft-excel-essential-comprehensive-guide/?couponCode=A0A23837F8F044853A71,A0A23837F8F044853A71
Master Scrum Basics,https://www.udemy.com/course/master-scrum-basics/?couponCode=DIWALI_WITH_VABS,DIWALI
Learn how to create Variables in Modern JavaScript,https://www.udemy.com/course/learn-how-to-create-variables-in-modern-javascript/?couponCode=A15F40207E844968002F,A15F40207E844968002F
Learn Functions & Function Expressions in Modern JavaScript,https://www.udemy.com/course/learn-functions-function-expressions-in-modern-javascript/?couponCode=498E6CFE38EE040EAD2E,498E6CFE38EE040EAD2E
Essential Lightroom Course for Beginner to Advanced,https://www.udemy.com/course/essential-lightroom-course-for-beginner-to-advanced/?couponCode=B3AA95E63E1EC02F12F7,B3AA95E63E1EC02F12F7
2024 C Programming Bootcamp – The Complete C Language Course,https://www.udemy.com/course/c-programming-bootcamp-for-beginners/?couponCode=5FA508046567C1119136,5FA508046567C1119136
Figma to WordPress: Learn to Design and Build Website,https://www.udemy.com/course/the-complete-figma-course-design-portfolio-website/?couponCode=667758061C69DA045E93,667758061C69DA045E93
"JavaScript 20 Projects In 20 Days HTML, CSS & JavaScript",https://www.udemy.com/course/javascript-20-projects-in-20-days-html-css-javascript/?couponCode=71C1CBF1DEAA9B40BA9C,71C1CBF1DEAA9B40BA9C
Currency Management for Small Businesses & Corporates,https://www.udemy.com/course/currency-management-for-small-businesses-corporates/?couponCode=CURRENCYMGT21,CURRENCYMGT21
T-Shirt Design for Beginner to Expert With Photoshop,https://www.udemy.com/course/t-shirt-design-for-beginner-to-expert-with-photoshop/?couponCode=C9DC46CBCBB4A3A10044,C9DC46CBCBB4A3A10044
QuickBooks Online – Bank Feeds & Credit Card Feeds,https://www.udemy.com/course/quickbooks-online-bank-feeds-credit-card-feeds/?couponCode=1522D9BD0F3C7E85D209,1522D9BD0F3C7E85D209
Build a WordPress Blog Website Step by Step,https://www.udemy.com/course/build-a-wordpress-blog-step-by-step/?couponCode=C3F8EEC35F0496B925DF,C3F8EEC35F0496B925DF
Create a GUI with Python,https://www.udemy.com/course/create-a-gui-with-python-pysimplegui/?couponCode=URHANDS,URHANDS
Computer networks for physical security systems installers,https://www.udemy.com/course/computer-networks-for-physical-security-systems-installers/?couponCode=9501428A01486CEABBAF,9501428A01486CEABBAF
T-Shirt Design In Adobe Illustrator for Beginner to Advanced,https://www.udemy.com/course/t-shirt-design-in-adobe-illustrator-for-beginner-to-advanced/?couponCode=29A9FC43AF89068180F6,29A9FC43AF89068180F6
Excel Tips and trick : Learn MS Excel by making 7 Projects,https://www.udemy.com/course/excel-tips-and-trick-learn-ms-excel-by-making-7-projects/?couponCode=2777C96F965BADC73FDC,2777C96F965BADC73FDC
Master Android Application Build 3 Applications from Scratch,https://www.udemy.com/course/master-android-application-build-3-applications-from-scratch/?couponCode=6BDC69DCB62EE3C3F0CB,6BDC69DCB62EE3C3F0CB
JavaScript 10 Projects in 10 Days Course for Beginners,https://www.udemy.com/course/javascript-10-projects-in-10-days-course-for-beginners/?couponCode=425DD1599A7BC97A4802,425DD1599A7BC97A4802
UIUX with Figma and Adobe XD,https://www.udemy.com/course/uiux-with-figma-and-adobe-xd/?couponCode=83BF219001DA06DCCEAF,83BF219001DA06DCCEAF
Lean Waste Management: Strategies for Streamlining Processes,https://www.udemy.com/course/the-concept-of-waste/?couponCode=806E127BD53A4A20426F,806E127BD53A4A20426F
Learn Blockchain and Crypto from Beginning,https://www.udemy.com/course/learn-blockchain-and-cryotp-from-beginning/?couponCode=B5B6347F00A55EC6251A,B5B6347F00A55EC6251A
Instagram Marketing. How to Promote Your Business!,https://www.udemy.com/course/instagram-marketing-practical-course/?couponCode=IM0711,IM0711
Java Training Crash Course for Java Beginners,https://www.udemy.com/course/java-training-crash-course-2022/?couponCode=6F26B1217A3F2C34CA57,6F26B1217A3F2C34CA57
Google Analytics 4 (GA4) Certification. How to Pass the Exam,https://www.udemy.com/course/google-analytics-certification-how-to-pass-the-exam/?couponCode=GAC711,GAC711
Mastering English Idioms: Essential for ESL Communication,https://www.udemy.com/course/mastering-idioms/?couponCode=CCF2F65BB4007D8F2A6C,CCF2F65BB4007D8F2A6C
Java And C++ And PHP Crash Course All in One For Beginners,https://www.udemy.com/course/java-and-c-and-php-crash-course-for-beginners/?couponCode=F953B5AFFE4A937DFB96,F953B5AFFE4A937DFB96
Oracle Primavera P6: Your First Lesson!,https://www.udemy.com/course/primavera-p6-training-for-beginners/?couponCode=83FFA7263446BD86BB86,83FFA7263446BD86BB86
C Corporation Income Tax (Form 1120),https://www.udemy.com/course/c-corporation-income-tax-form-1120/?couponCode=D03D1038BA822F2B56F0,D03D1038BA822F2B56F0
Diploma In Concrete Technology l Be a Concrete Technologist,https://www.udemy.com/course/concrete-technologycivil-engineers-lifeline-in-construction/?couponCode=018F9D7133C5B0133311,018F9D7133C5B0133311
"CSS, JavaScript,PHP And Python Programming All in One Course",https://www.udemy.com/course/css-javascriptphp-and-python-programming-all-in-one-course/?couponCode=DBD76999B8CB11B27104,DBD76999B8CB11B27104
Computer Vision Fundamentals,https://www.udemy.com/course/computer-vision-fundamentals/?couponCode=B7574DB2D97FC5D563FE,B7574DB2D97FC5D563FE
Fundamentals of Financial Services,https://www.udemy.com/course/fundamentals-of-financial-services/?couponCode=FUNDAMENTALSFS63,FUNDAMENTALSFS63
Vigilant Leadership,https://www.udemy.com/course/vigilant-leadership/?couponCode=VIGILANT59,VIGILANT59
GRE Quantitative Prep | Master Math Course | 2024 Updated,https://www.udemy.com/course/gre-quantitative-master-course/?couponCode=8686464156E33C5E5951,8686464156E33C5E5951
SAT Digital | Math Master Course | 2024 Updated | Target 800,https://www.udemy.com/course/sat-i-quantitative-master-course/?couponCode=531E09E1F73A417561D3,531E09E1F73A417561D3
GMAT Focus | Quantitative| Master Math Course | 2024 Updated,https://www.udemy.com/course/gmat-quantitative-master-course/?couponCode=A8FE0A41E62B0F94F165,A8FE0A41E62B0F94F165
ISO 31000 Certified Risk Manager Program,https://www.udemy.com/course/iso-31000-guidelines/?couponCode=3827050BBB0868FF38FE,3827050BBB0868FF38FE
"Mastering Python, Pandas, Numpy for Absolute Beginners",https://www.udemy.com/course/python-numpy-for-absolute-beginners/?couponCode=DD5295BC89B384F875A4,DD5295BC89B384F875A4
PowerShell Functions Master Class,https://www.udemy.com/course/powershell-functions-master-class/?couponCode=373B0C6C3BC9E12407E3,373B0C6C3BC9E12407E3
PHP with MySQL: Build a Complete Job Portal,https://www.udemy.com/course/php-with-mysql-2022-build-a-complete-job-portal/?couponCode=PHPJOBPORTAL72,PHPJOBPORTAL72
Python Demonstrations For Practice Course,https://www.udemy.com/course/python-for-beginners-demonstration-course/?couponCode=49B54A166EA1B57E109D,49B54A166EA1B57E109D
GetResponse email marketing for beginners,https://www.udemy.com/course/getresponse-email-marketing-for-beginners/?couponCode=D7CA11D4743A6A692A99,D7CA11D4743A6A692A99
Midjourney Mastery: Unlock Your Creative Potential with AI,https://www.udemy.com/course/midjourney-mastery-unlock-your-creative-potential-with-ai/?couponCode=9D379DBC47478FA2A701,9D379DBC47478FA2A701
PHP with MySQL: Build 5 PHP and MySQL Projects,https://www.udemy.com/course/php-with-mysql-2022-build-5-php-and-mysql-projects/?couponCode=PHPWITHMYSQL59,PHPWITHMYSQL59
CSS Complete Course For Beginners,https://www.udemy.com/course/css-complete-course-for-beginners/?couponCode=65F4594A2CFD07D1599E,65F4594A2CFD07D1599E
Learn to Code in Python 3: Programming beginner to advanced,https://www.udemy.com/course/learn-python-programming-a-step-by-step-course-to-beginners/?couponCode=F38F407C1FF91FE105EA,F38F407C1FF91FE105EA
Adobe Illustrator Course For Beginner,https://www.udemy.com/course/adobe-illustrator-course-for-beginner/?couponCode=0029C08ED7F48B50D638,0029C08ED7F48B50D638
Master Any Language with ChatGPT: Boost Your Language Skills,https://www.udemy.com/course/master-any-language-with-chatgpt-boost-your-language-skills/?couponCode=5918D96A8236A62CE9CE,5918D96A8236A62CE9CE
"Functional Programming + Lambdas, Method References, Streams",https://www.udemy.com/course/functional-programming-learnit/?couponCode=A19778866C4D4BEB3427,A19778866C4D4BEB3427
Advanced PowerPoint Course For Professional and Job Success,https://www.udemy.com/course/advanced-powerpoint-course-for-professional-and-job-success/?couponCode=CDDFDF9A8325AFAC7068,CDDFDF9A8325AFAC7068
Simple React App from Scratch,https://www.udemy.com/course/build-a-simple-react-app-from-scratch/?couponCode=8646A3F4F9BC84F1E7E8,8646A3F4F9BC84F1E7E8
2024 Core JAVA Bootcamp from Zero to Hero,https://www.udemy.com/course/2022-core-java-bootcamp-from-zero-to-hero/?couponCode=4DDDF7A8CE0636D445F0,4DDDF7A8CE0636D445F0
File & Folder Management Using PowerShell: For Beginners,https://www.udemy.com/course/using-powershell-advanced-automated-file-management/?couponCode=E172B614134B4E9DC021,E172B614134B4E9DC021
Professional Diploma in Project Management,https://www.udemy.com/course/project-managers/?couponCode=D8A114413D36FE6F4907,D8A114413D36FE6F4907
Professional Diploma in Corporate Management,https://www.udemy.com/course/corporate_management/?couponCode=5E102F272FE7EA759040,5E102F272FE7EA759040
Mastering Ecommerce Accounting with QuickBooks Online,https://www.udemy.com/course/mastering-ecommerce-accounting-with-quickbooks-online/?couponCode=59CFA0FF2E76EC521367,59CFA0FF2E76EC521367
Professional Diploma in Office Administration Management,https://www.udemy.com/course/postgraduate-diploma-in-office-administration-management/?couponCode=C7B20E437E47F2195ECF,C7B20E437E47F2195ECF
Professional Diploma in Digital Products Management,https://www.udemy.com/course/digital-product-owner/?couponCode=76A29C00F9285EAA29B0,76A29C00F9285EAA29B0
Reputation Management: Take Control of Your Company’s Image,https://www.udemy.com/course/reputation_management/?couponCode=RMT0711,RMT0711
Java And C++ Complete Course for Java And C++ Beginners,https://www.udemy.com/course/java-and-c-complete-course-for-beginners-2022/?couponCode=94C90E5A1861BF403A5C,94C90E5A1861BF403A5C
Financial Accounting–Inventory & Merchandising Transactions,https://www.udemy.com/course/financial-accountinginventory-merchandising-transactions/?couponCode=915B919FB421AE12AA38,915B919FB421AE12AA38
Receivables & The Allowance vs The Direct Write Off Methods,https://www.udemy.com/course/receivables-the-allowance-vs-the-direct-write-off-methods/?couponCode=86927A473092F050FB75,86927A473092F050FB75
Financial Accounting-Adjusting Entries & Financial Statement,https://www.udemy.com/course/financial-accounting-adjusting-entries-financial-statement/?couponCode=56981509D6D47E6D09DA,56981509D6D47E6D09DA
"Accounting-Bonds Payable, Notes Payable, Liabilities",https://www.udemy.com/course/accounting-bonds-payable-notes-payable-liabilities/?couponCode=0DD8949A713E171F9D0B,0DD8949A713E171F9D0B
Financial Accounting – Closing Process,https://www.udemy.com/course/financial-accounting-closing-process/?couponCode=632BC5C98B3F72DD50B7,632BC5C98B3F72DD50B7
QuickBooks Desktop vs. Excel,https://www.udemy.com/course/quickbooks-desktop-2018-vs-excel/?couponCode=2BDFF8918D011109EE51,2BDFF8918D011109EE51
Build Complete CMS Blog in PHP MySQL Bootstrap & PDO,https://www.udemy.com/course/build-complete-2022-cms-blog-in-php-mysql-bootstrap-pdo/?couponCode=PHPBLOG62,PHPBLOG62
Introduction to Risk Management,https://www.udemy.com/course/introduction-to-risk-management-z/?couponCode=E508BA03B65DB23CA168,E508BA03B65DB23CA168
"Azure DevOps Bootcamp: Zero to Hero (Pipelines,Boards,Repos)",https://www.udemy.com/course/azdevops/?couponCode=3997EA79431FBD987D5E,3997EA79431FBD987D5E
Mastering Google Calendar: Mastering Your Day,https://www.udemy.com/course/mastering-google-calendar-mastering-your-day/?couponCode=F72CFD0568C02C928AE2,F72CFD0568C02C928AE2
Mastering HTML5: From Beginner to Advanced,https://www.udemy.com/course/mastering-html5-from-beginner-to-advanced/?couponCode=122882470FC26B367A93,122882470FC26B367A93
